<?xml version="1.0" encoding="UTF-8"?>
<point_cloud version="1.2.0">
  <tracks path="tracks.ply" count="87522"/>
  <points path="points.ply" count="73903"/>
  <projections camera_id="0" path="p0.ply" count="4373"/>
  <projections camera_id="1" path="p1.ply" count="4888"/>
  <projections camera_id="2" path="p2.ply" count="4002"/>
  <projections camera_id="3" path="p3.ply" count="4752"/>
  <projections camera_id="4" path="p4.ply" count="4219"/>
  <projections camera_id="5" path="p5.ply" count="4683"/>
  <projections camera_id="6" path="p6.ply" count="4764"/>
  <projections camera_id="7" path="p7.ply" count="4826"/>
  <projections camera_id="8" path="p8.ply" count="4852"/>
  <projections camera_id="9" path="p9.ply" count="4795"/>
  <projections camera_id="10" path="p10.ply" count="5111"/>
  <projections camera_id="11" path="p11.ply" count="4172"/>
  <projections camera_id="12" path="p12.ply" count="4492"/>
  <projections camera_id="13" path="p13.ply" count="4220"/>
  <projections camera_id="14" path="p14.ply" count="4277"/>
  <projections camera_id="15" path="p15.ply" count="4061"/>
  <projections camera_id="16" path="p16.ply" count="4118"/>
  <projections camera_id="17" path="p17.ply" count="4181"/>
  <projections camera_id="18" path="p18.ply" count="4137"/>
  <projections camera_id="19" path="p19.ply" count="4054"/>
  <projections camera_id="20" path="p20.ply" count="2859"/>
  <projections camera_id="21" path="p21.ply" count="4014"/>
  <projections camera_id="22" path="p22.ply" count="4071"/>
  <projections camera_id="23" path="p23.ply" count="3690"/>
  <projections camera_id="24" path="p24.ply" count="4052"/>
  <projections camera_id="25" path="p25.ply" count="3793"/>
  <projections camera_id="26" path="p26.ply" count="4113"/>
  <projections camera_id="27" path="p27.ply" count="3997"/>
  <projections camera_id="28" path="p28.ply" count="4022"/>
  <projections camera_id="29" path="p29.ply" count="4036"/>
  <projections camera_id="30" path="p30.ply" count="4107"/>
  <projections camera_id="31" path="p31.ply" count="4130"/>
  <projections camera_id="32" path="p32.ply" count="4143"/>
  <projections camera_id="33" path="p33.ply" count="3150"/>
  <projections camera_id="34" path="p34.ply" count="4168"/>
  <projections camera_id="35" path="p35.ply" count="4080"/>
  <projections camera_id="36" path="p36.ply" count="4317"/>
  <projections camera_id="37" path="p37.ply" count="4674"/>
  <projections camera_id="38" path="p38.ply" count="4486"/>
  <projections camera_id="39" path="p39.ply" count="4198"/>
  <projections camera_id="40" path="p40.ply" count="4125"/>
  <projections camera_id="41" path="p41.ply" count="4018"/>
  <projections camera_id="42" path="p42.ply" count="4055"/>
  <projections camera_id="43" path="p43.ply" count="4225"/>
  <projections camera_id="44" path="p44.ply" count="4071"/>
  <projections camera_id="45" path="p45.ply" count="4077"/>
  <projections camera_id="46" path="p46.ply" count="4070"/>
  <projections camera_id="47" path="p47.ply" count="4103"/>
  <projections camera_id="48" path="p48.ply" count="4215"/>
  <projections camera_id="49" path="p49.ply" count="4030"/>
  <projections camera_id="50" path="p50.ply" count="4259"/>
  <projections camera_id="51" path="p51.ply" count="4016"/>
  <projections camera_id="52" path="p52.ply" count="4162"/>
  <projections camera_id="53" path="p53.ply" count="4690"/>
  <projections camera_id="54" path="p54.ply" count="4485"/>
  <projections camera_id="55" path="p55.ply" count="4392"/>
  <projections camera_id="56" path="p56.ply" count="4606"/>
  <projections camera_id="57" path="p57.ply" count="4301"/>
  <projections camera_id="58" path="p58.ply" count="4027"/>
  <projections camera_id="59" path="p59.ply" count="4102"/>
  <projections camera_id="60" path="p60.ply" count="296"/>
  <projections camera_id="61" path="p61.ply" count="4041"/>
  <projections camera_id="62" path="p62.ply" count="4217"/>
  <projections camera_id="63" path="p63.ply" count="4059"/>
  <projections camera_id="64" path="p64.ply" count="4003"/>
  <projections camera_id="65" path="p65.ply" count="4414"/>
  <projections camera_id="66" path="p66.ply" count="161"/>
  <projections camera_id="67" path="p67.ply" count="1537"/>
  <projections camera_id="68" path="p68.ply" count="3223"/>
  <projections camera_id="69" path="p69.ply" count="4646"/>
  <projections camera_id="70" path="p70.ply" count="3975"/>
  <projections camera_id="71" path="p71.ply" count="4075"/>
  <projections camera_id="72" path="p72.ply" count="2477"/>
  <projections camera_id="73" path="p73.ply" count="4584"/>
  <projections camera_id="74" path="p74.ply" count="4769"/>
  <projections camera_id="75" path="p75.ply" count="4277"/>
  <projections camera_id="76" path="p76.ply" count="4270"/>
  <projections camera_id="77" path="p77.ply" count="3994"/>
  <projections camera_id="78" path="p78.ply" count="4101"/>
  <projections camera_id="79" path="p79.ply" count="4102"/>
  <projections camera_id="80" path="p80.ply" count="4122"/>
  <projections camera_id="81" path="p81.ply" count="4098"/>
  <projections camera_id="82" path="p82.ply" count="4011"/>
  <projections camera_id="83" path="p83.ply" count="4082"/>
  <projections camera_id="84" path="p84.ply" count="297"/>
  <projections camera_id="85" path="p85.ply" count="4056"/>
  <projections camera_id="86" path="p86.ply" count="4293"/>
  <projections camera_id="87" path="p87.ply" count="3993"/>
  <projections camera_id="88" path="p88.ply" count="4091"/>
  <projections camera_id="89" path="p89.ply" count="4166"/>
  <projections camera_id="90" path="p90.ply" count="4137"/>
  <projections camera_id="91" path="p91.ply" count="4080"/>
  <projections camera_id="92" path="p92.ply" count="3962"/>
  <projections camera_id="93" path="p93.ply" count="4037"/>
  <projections camera_id="94" path="p94.ply" count="4004"/>
  <projections camera_id="95" path="p95.ply" count="4196"/>
  <projections camera_id="96" path="p96.ply" count="3955"/>
  <projections camera_id="97" path="p97.ply" count="3968"/>
  <projections camera_id="98" path="p98.ply" count="4010"/>
  <projections camera_id="99" path="p99.ply" count="2475"/>
  <projections camera_id="100" path="p100.ply" count="3904"/>
  <projections camera_id="101" path="p101.ply" count="4578"/>
  <projections camera_id="102" path="p102.ply" count="4083"/>
  <projections camera_id="103" path="p103.ply" count="4227"/>
  <projections camera_id="104" path="p104.ply" count="903"/>
  <projections camera_id="105" path="p105.ply" count="3991"/>
  <projections camera_id="106" path="p106.ply" count="4458"/>
  <projections camera_id="107" path="p107.ply" count="4026"/>
  <projections camera_id="108" path="p108.ply" count="850"/>
  <projections camera_id="109" path="p109.ply" count="4635"/>
  <projections camera_id="110" path="p110.ply" count="4145"/>
  <projections camera_id="111" path="p111.ply" count="1339"/>
  <projections camera_id="112" path="p112.ply" count="1465"/>
  <projections camera_id="113" path="p113.ply" count="825"/>
  <projections camera_id="114" path="p114.ply" count="536"/>
  <projections camera_id="115" path="p115.ply" count="4771"/>
  <projections camera_id="116" path="p116.ply" count="4797"/>
  <projections camera_id="117" path="p117.ply" count="4535"/>
  <projections camera_id="118" path="p118.ply" count="4065"/>
  <projections camera_id="119" path="p119.ply" count="4085"/>
  <projections camera_id="120" path="p120.ply" count="4079"/>
  <projections camera_id="121" path="p121.ply" count="4012"/>
  <projections camera_id="122" path="p122.ply" count="3998"/>
  <projections camera_id="123" path="p123.ply" count="4092"/>
  <projections camera_id="124" path="p124.ply" count="961"/>
  <projections camera_id="125" path="p125.ply" count="2033"/>
  <projections camera_id="126" path="p126.ply" count="2829"/>
  <projections camera_id="127" path="p127.ply" count="3181"/>
  <projections camera_id="128" path="p128.ply" count="1182"/>
  <meta>
    <property name="match/duration" value="1658.04112"/>
    <property name="match/match_downscale" value="2"/>
    <property name="match/match_filter_mask" value="false"/>
    <property name="match/match_point_limit" value="40000"/>
    <property name="match/match_select_pairs" value="1"/>
    <property name="match/match_tiepoint_limit" value="4000"/>
  </meta>
</point_cloud>
